LeetCode Number,Problem Slug,Problem Title,Previous Number,Previous Slug,Previous Title,Next Number,Next Slug,Next Title
,"two-sum","Two Sum",,"","",2,"add-two-numbers","Add Two Numbers"
1,"add-two-numbers","Add Two Numbers",1,"two-sum","Two Sum",3,"longest-substring-without-repeating-characters","Longest Substring Without Repeating Characters"
2,"longest-substring-without-repeating-characters","Longest Substring Without Repeating Characters",2,"add-two-numbers","Add Two Numbers",4,"median-sorted-arrays","Median of Two Sorted Arrays"
3,"median-sorted-arrays","Median of Two Sorted Arrays",3,"longest-substring-without-repeating-characters","Longest Substring Without Repeating Characters",5,"longest-palindromic-substring","Longest Palindromic Substring"
4,"longest-palindromic-substring","Longest Palindromic Substring",4,"median-sorted-arrays","Median of Two Sorted Arrays",9,"palindrome-number","Palindrome Number"
5,"palindrome-number","Palindrome Number",5,"longest-palindromic-substring","Longest Palindromic Substring",11,"container-with-most-water","Container With Most Water"
9,"container-with-most-water","Container With Most Water",9,"palindrome-number","Palindrome Number",15,"three-sum","3Sum"
11,"three-sum","3Sum",11,"container-with-most-water","Container With Most Water",17,"letter-combinations-of-a-phone-number","Letter Combinations of a Phone Number"
15,"letter-combinations-of-a-phone-number","Letter Combinations of a Phone Number",15,"three-sum","3Sum",19,"remove-nth-node-from-end-of-list","Remove Nth Node From End of List"
17,"remove-nth-node-from-end-of-list","Remove Nth Node From End of List",17,"letter-combinations-of-a-phone-number","Letter Combinations of a Phone Number",20,"valid-parentheses","Valid Parentheses"
19,"valid-parentheses","Valid Parentheses",19,"remove-nth-node-from-end-of-list","Remove Nth Node From End of List",21,"merge-two-sorted-lists","Merge Two Sorted Lists"
20,"merge-two-sorted-lists","Merge Two Sorted Lists",20,"valid-parentheses","Valid Parentheses",22,"generate-parentheses","Generate Parentheses"
21,"generate-parentheses","Generate Parentheses",21,"merge-two-sorted-lists","Merge Two Sorted Lists",23,"merge-k-sorted-lists","Merge k Sorted Lists"
22,"merge-k-sorted-lists","Merge k Sorted Lists",22,"generate-parentheses","Generate Parentheses",25,"reverse-nodes-in-k-group","Reverse Nodes in k-Group"
23,"reverse-nodes-in-k-group","Reverse Nodes in k-Group",23,"merge-k-sorted-lists","Merge k Sorted Lists",26,"remove-duplicates-from-sorted-array","Remove Duplicates from Sorted Array"
25,"remove-duplicates-from-sorted-array","Remove Duplicates from Sorted Array",25,"reverse-nodes-in-k-group","Reverse Nodes in k-Group",27,"remove-element","Remove Element"
26,"remove-element","Remove Element",26,"remove-duplicates-from-sorted-array","Remove Duplicates from Sorted Array",30,"substring-with-concatenation-of-all-words","Substring with Concatenation of All Words"
27,"substring-with-concatenation-of-all-words","Substring with Concatenation of All Words",27,"remove-element","Remove Element",33,"search-in-rotated-sorted-array","Search in Rotated Sorted Array"
30,"search-in-rotated-sorted-array","Search in Rotated Sorted Array",30,"substring-with-concatenation-of-all-words","Substring with Concatenation of All Words",34,"find-first-last-position-of-element-in-sorted-array","Find First and Last Position of Element in Sorted Array"
33,"find-first-last-position-of-element-in-sorted-array","Find First and Last Position of Element in Sorted Array",33,"search-in-rotated-sorted-array","Search in Rotated Sorted Array",35,"search-insert-position","Search Insert Position"
34,"search-insert-position","Search Insert Position",34,"find-first-last-position-of-element-in-sorted-array","Find First and Last Position of Element in Sorted Array",36,"valid-sudoku","Valid Sudoku"
35,"valid-sudoku","Valid Sudoku",35,"search-insert-position","Search Insert Position",39,"combination-sum","Combination Sum"
36,"combination-sum","Combination Sum",36,"valid-sudoku","Valid Sudoku",41,"first-missing-positive","First Missing Positive"
39,"first-missing-positive","First Missing Positive",39,"combination-sum","Combination Sum",42,"trapping-rain-water","Trapping Rain Water"
41,"trapping-rain-water","Trapping Rain Water",41,"first-missing-positive","First Missing Positive",45,"jump-game-ii","Jump Game II"
42,"jump-game-ii","Jump Game II",42,"trapping-rain-water","Trapping Rain Water",46,"permutations","Permutations"
45,"permutations","Permutations",45,"jump-game-ii","Jump Game II",49,"group-anagrams","Group Anagrams"
46,"group-anagrams","Group Anagrams",46,"permutations","Permutations",50,"powx-n","Pow(x, n)"
49,"powx-n","Pow(x, n)",49,"group-anagrams","Group Anagrams",52,"n-queens-ii","N-Queens II"
50,"n-queens-ii","N-Queens II",50,"powx-n","Pow(x, n)",53,"maximum-subarray","Maximum Subarray"
52,"maximum-subarray","Maximum Subarray",52,"n-queens-ii","N-Queens II",54,"spiral-matrix","Spiral Matrix"
53,"spiral-matrix","Spiral Matrix",53,"maximum-subarray","Maximum Subarray",55,"jump-game","Jump Game"
54,"jump-game","Jump Game",54,"spiral-matrix","Spiral Matrix",56,"merge-intervals","Merge Intervals"
55,"merge-intervals","Merge Intervals",55,"jump-game","Jump Game",57,"insert-interval","Insert Interval"
56,"insert-interval","Insert Interval",56,"merge-intervals","Merge Intervals",61,"rotate-list","Rotate List"
57,"rotate-list","Rotate List",57,"insert-interval","Insert Interval",63,"unique-paths-ii","Unique Paths II"
61,"unique-paths-ii","Unique Paths II",61,"rotate-list","Rotate List",64,"minimum-path-sum","Minimum Path Sum"
63,"minimum-path-sum","Minimum Path Sum",63,"unique-paths-ii","Unique Paths II",66,"plus-one","Plus One"
64,"plus-one","Plus One",64,"minimum-path-sum","Minimum Path Sum",67,"add-binary","Add Binary"
66,"add-binary","Add Binary",66,"plus-one","Plus One",69,"sqrtx","Sqrt(x)"
67,"sqrtx","Sqrt(x)",67,"add-binary","Add Binary",70,"climbing-stairs","Climbing Stairs"
69,"climbing-stairs","Climbing Stairs",69,"sqrtx","Sqrt(x)",71,"simplify-path","Simplify Path"
70,"simplify-path","Simplify Path",70,"climbing-stairs","Climbing Stairs",72,"edit-distance","Edit Distance"
71,"edit-distance","Edit Distance",71,"simplify-path","Simplify Path",74,"search-2d-matrix","Search a 2D Matrix"
72,"search-2d-matrix","Search a 2D Matrix",72,"edit-distance","Edit Distance",76,"minimum-window-substring","Minimum Window Substring"
74,"minimum-window-substring","Minimum Window Substring",74,"search-2d-matrix","Search a 2D Matrix",77,"combinations","Combinations"
76,"combinations","Combinations",76,"minimum-window-substring","Minimum Window Substring",79,"word-search","Word Search"
77,"word-search","Word Search",77,"combinations","Combinations",80,"remove-duplicates-from-sorted-array-ii","Remove Duplicates from Sorted Array II"
79,"remove-duplicates-from-sorted-array-ii","Remove Duplicates from Sorted Array II",79,"word-search","Word Search",82,"remove-duplicates-from-sorted-list-ii","Remove Duplicates from Sorted List II"
80,"remove-duplicates-from-sorted-list-ii","Remove Duplicates from Sorted List II",80,"remove-duplicates-from-sorted-array-ii","Remove Duplicates from Sorted Array II",86,"partition-list","Partition List"
82,"partition-list","Partition List",82,"remove-duplicates-from-sorted-list-ii","Remove Duplicates from Sorted List II",92,"reverse-linked-list-ii","Reverse Linked List II"
86,"reverse-linked-list-ii","Reverse Linked List II",86,"partition-list","Partition List",97,"interleaving-string","Interleaving String"
92,"interleaving-string","Interleaving String",92,"reverse-linked-list-ii","Reverse Linked List II",98,"validate-binary-search-tree","Validate Binary Search Tree"
97,"validate-binary-search-tree","Validate Binary Search Tree",97,"interleaving-string","Interleaving String",100,"same-tree","Same Tree"
98,"same-tree","Same Tree",98,"validate-binary-search-tree","Validate Binary Search Tree",101,"symmetric-tree","Symmetric Tree"
100,"symmetric-tree","Symmetric Tree",100,"same-tree","Same Tree",102,"binary-tree-level-order-traversal","Binary Tree Level Order Traversal"
101,"binary-tree-level-order-traversal","Binary Tree Level Order Traversal",101,"symmetric-tree","Symmetric Tree",103,"binary-tree-zigzag-level-order-traversal","Binary Tree Zigzag Level Order Traversal"
102,"binary-tree-zigzag-level-order-traversal","Binary Tree Zigzag Level Order Traversal",102,"binary-tree-level-order-traversal","Binary Tree Level Order Traversal",104,"maximum-depth-of-binary-tree","Maximum Depth of Binary Tree"
103,"maximum-depth-of-binary-tree","Maximum Depth of Binary Tree",103,"binary-tree-zigzag-level-order-traversal","Binary Tree Zigzag Level Order Traversal",105,"construct-binary-tree-from-preorder-and-inorder-traversal","Construct Binary Tree from Preorder and Inorder Traversal"
104,"construct-binary-tree-from-preorder-and-inorder-traversal","Construct Binary Tree from Preorder and Inorder Traversal",104,"maximum-depth-of-binary-tree","Maximum Depth of Binary Tree",106,"construct-binary-tree-from-inorder-and-postorder-traversal","Construct Binary Tree from Inorder and Postorder Traversal"
105,"construct-binary-tree-from-inorder-and-postorder-traversal","Construct Binary Tree from Inorder and Postorder Traversal",105,"construct-binary-tree-from-preorder-and-inorder-traversal","Construct Binary Tree from Preorder and Inorder Traversal",108,"convert-sorted-array-to-bst","Convert Sorted Array to Binary Search Tree"
106,"convert-sorted-array-to-bst","Convert Sorted Array to Binary Search Tree",106,"construct-binary-tree-from-inorder-and-postorder-traversal","Construct Binary Tree from Inorder and Postorder Traversal",112,"path-sum","Path Sum"
108,"path-sum","Path Sum",108,"convert-sorted-array-to-bst","Convert Sorted Array to Binary Search Tree",114,"flatten-binary-tree-to-linked-list","Flatten Binary Tree to Linked List"
112,"flatten-binary-tree-to-linked-list","Flatten Binary Tree to Linked List",112,"path-sum","Path Sum",117,"populating-next-right-pointers-ii","Populating Next Right Pointers in Each Node II"
114,"populating-next-right-pointers-ii","Populating Next Right Pointers in Each Node II",114,"flatten-binary-tree-to-linked-list","Flatten Binary Tree to Linked List",120,"triangle","Triangle"
117,"triangle","Triangle",117,"populating-next-right-pointers-ii","Populating Next Right Pointers in Each Node II",121,"best-time-to-buy-and-sell-stock","Best Time to Buy and Sell Stock"
120,"best-time-to-buy-and-sell-stock","Best Time to Buy and Sell Stock",120,"triangle","Triangle",122,"best-time-to-buy-and-sell-stock-ii","Best Time to Buy and Sell Stock II"
121,"best-time-to-buy-and-sell-stock-ii","Best Time to Buy and Sell Stock II",121,"best-time-to-buy-and-sell-stock","Best Time to Buy and Sell Stock",123,"best-time-to-buy-and-sell-stock-iii","Best Time to Buy and Sell Stock III"
122,"best-time-to-buy-and-sell-stock-iii","Best Time to Buy and Sell Stock III",122,"best-time-to-buy-and-sell-stock-ii","Best Time to Buy and Sell Stock II",124,"binary-tree-maximum-path-sum","Binary Tree Maximum Path Sum"
123,"binary-tree-maximum-path-sum","Binary Tree Maximum Path Sum",123,"best-time-to-buy-and-sell-stock-iii","Best Time to Buy and Sell Stock III",125,"valid-palindrome","Valid Palindrome"
124,"valid-palindrome","Valid Palindrome",124,"binary-tree-maximum-path-sum","Binary Tree Maximum Path Sum",127,"word-ladder","Word Ladder"
125,"word-ladder","Word Ladder",125,"valid-palindrome","Valid Palindrome",128,"longest-consecutive-sequence","Longest Consecutive Sequence"
127,"longest-consecutive-sequence","Longest Consecutive Sequence",127,"word-ladder","Word Ladder",129,"sum-root-to-leaf-numbers","Sum Root to Leaf Numbers"
128,"sum-root-to-leaf-numbers","Sum Root to Leaf Numbers",128,"longest-consecutive-sequence","Longest Consecutive Sequence",130,"surrounded-regions","Surrounded Regions"
129,"surrounded-regions","Surrounded Regions",129,"sum-root-to-leaf-numbers","Sum Root to Leaf Numbers",133,"clone-graph","Clone Graph"
130,"clone-graph","Clone Graph",130,"surrounded-regions","Surrounded Regions",136,"single-number","Single Number"
133,"single-number","Single Number",133,"clone-graph","Clone Graph",137,"single-number-ii","Single Number II"
136,"single-number-ii","Single Number II",136,"single-number","Single Number",138,"copy-list-with-random-pointer","Copy List with Random Pointer"
137,"copy-list-with-random-pointer","Copy List with Random Pointer",137,"single-number-ii","Single Number II",139,"word-break","Word Break"
138,"word-break","Word Break",138,"copy-list-with-random-pointer","Copy List with Random Pointer",141,"linked-list-cycle","Linked List Cycle"
139,"linked-list-cycle","Linked List Cycle",139,"word-break","Word Break",146,"lru-cache","LRU Cache"
141,"lru-cache","LRU Cache",141,"linked-list-cycle","Linked List Cycle",148,"sort-list","Sort List"
146,"sort-list","Sort List",146,"lru-cache","LRU Cache",149,"max-points-on-a-line","Max Points on a Line"
148,"max-points-on-a-line","Max Points on a Line",148,"sort-list","Sort List",150,"evaluate-reverse-polish-notation","Evaluate Reverse Polish Notation"
149,"evaluate-reverse-polish-notation","Evaluate Reverse Polish Notation",149,"max-points-on-a-line","Max Points on a Line",153,"find-minimum-rotated","Find Minimum in Rotated Sorted Array"
150,"find-minimum-rotated","Find Minimum in Rotated Sorted Array",150,"evaluate-reverse-polish-notation","Evaluate Reverse Polish Notation",155,"min-stack","Min Stack"
153,"min-stack","Min Stack",153,"find-minimum-rotated","Find Minimum in Rotated Sorted Array",162,"find-peak-element","Find Peak Element"
155,"find-peak-element","Find Peak Element",155,"min-stack","Min Stack",167,"two-sum-ii","Two Sum II – Input Array Is Sorted"
162,"two-sum-ii","Two Sum II – Input Array Is Sorted",162,"find-peak-element","Find Peak Element",169,"majority-element","Majority Element"
167,"majority-element","Majority Element",167,"two-sum-ii","Two Sum II – Input Array Is Sorted",172,"factorial-trailing-zeroes","Factorial Trailing Zeroes"
169,"factorial-trailing-zeroes","Factorial Trailing Zeroes",169,"majority-element","Majority Element",173,"binary-search-tree-iterator","Binary Search Tree Iterator"
172,"binary-search-tree-iterator","Binary Search Tree Iterator",172,"factorial-trailing-zeroes","Factorial Trailing Zeroes",188,"best-time-to-buy-and-sell-stock-iv","Best Time to Buy and Sell Stock IV"
173,"best-time-to-buy-and-sell-stock-iv","Best Time to Buy and Sell Stock IV",173,"binary-search-tree-iterator","Binary Search Tree Iterator",189,"rotate-array","Rotate Array"
188,"rotate-array","Rotate Array",188,"best-time-to-buy-and-sell-stock-iv","Best Time to Buy and Sell Stock IV",190,"reverse-bits","Reverse Bits"
189,"reverse-bits","Reverse Bits",189,"rotate-array","Rotate Array",191,"number-of-1-bits","Number of 1 Bits"
190,"number-of-1-bits","Number of 1 Bits",190,"reverse-bits","Reverse Bits",198,"house-robber","House Robber"
191,"house-robber","House Robber",191,"number-of-1-bits","Number of 1 Bits",199,"binary-tree-right-side-view","Binary Tree Right Side View"
198,"binary-tree-right-side-view","Binary Tree Right Side View",198,"house-robber","House Robber",200,"number-of-islands","Number of Islands"
199,"number-of-islands","Number of Islands",199,"binary-tree-right-side-view","Binary Tree Right Side View",201,"bitwise-and-of-numbers-range","Bitwise AND of Numbers Range"
200,"bitwise-and-of-numbers-range","Bitwise AND of Numbers Range",200,"number-of-islands","Number of Islands",202,"happy-number","Happy Number"
201,"happy-number","Happy Number",201,"bitwise-and-of-numbers-range","Bitwise AND of Numbers Range",205,"isomorphic-strings","Isomorphic Strings"
202,"isomorphic-strings","Isomorphic Strings",202,"happy-number","Happy Number",207,"course-schedule","Course Schedule"
205,"course-schedule","Course Schedule",205,"isomorphic-strings","Isomorphic Strings",208,"implement-trie","Implement Trie (Prefix Tree)"
207,"implement-trie","Implement Trie (Prefix Tree)",207,"course-schedule","Course Schedule",209,"minimum-size-subarray-sum","Minimum Size Subarray Sum"
208,"minimum-size-subarray-sum","Minimum Size Subarray Sum",208,"implement-trie","Implement Trie (Prefix Tree)",210,"course-schedule-ii","Course Schedule II"
209,"course-schedule-ii","Course Schedule II",209,"minimum-size-subarray-sum","Minimum Size Subarray Sum",211,"design-add-search-words","Design Add and Search Words Data Structure"
210,"design-add-search-words","Design Add and Search Words Data Structure",210,"course-schedule-ii","Course Schedule II",212,"word-search-ii","Word Search II"
211,"word-search-ii","Word Search II",211,"design-add-search-words","Design Add and Search Words Data Structure",215,"kth-largest-element-in-array","Kth Largest Element in Array"
212,"kth-largest-element-in-array","Kth Largest Element in Array",212,"word-search-ii","Word Search II",217,"contains-duplicate","Contains Duplicate"
215,"contains-duplicate","Contains Duplicate",215,"kth-largest-element-in-array","Kth Largest Element in Array",219,"contains-duplicate-ii","Contains Duplicate II"
217,"contains-duplicate-ii","Contains Duplicate II",217,"contains-duplicate","Contains Duplicate",221,"maximal-square","Maximal Square"
219,"maximal-square","Maximal Square",219,"contains-duplicate-ii","Contains Duplicate II",222,"count-complete-tree-nodes","Count Complete Tree Nodes"
221,"count-complete-tree-nodes","Count Complete Tree Nodes",221,"maximal-square","Maximal Square",224,"basic-calculator","Basic Calculator"
222,"basic-calculator","Basic Calculator",222,"count-complete-tree-nodes","Count Complete Tree Nodes",226,"invert-binary-tree","Invert Binary Tree"
224,"invert-binary-tree","Invert Binary Tree",224,"basic-calculator","Basic Calculator",228,"summary-ranges","Summary Ranges"
226,"summary-ranges","Summary Ranges",226,"invert-binary-tree","Invert Binary Tree",230,"kth-smallest-element-in-a-bst","Kth Smallest Element in a BST"
228,"kth-smallest-element-in-a-bst","Kth Smallest Element in a BST",228,"summary-ranges","Summary Ranges",235,"lowest-common-ancestor-of-a-binary-search-tree","Lowest Common Ancestor of a Binary Search Tree"
230,"lowest-common-ancestor-of-a-binary-search-tree","Lowest Common Ancestor of a Binary Search Tree",230,"kth-smallest-element-in-a-bst","Kth Smallest Element in a BST",236,"lowest-common-ancestor-of-a-binary-tree","Lowest Common Ancestor of a Binary Tree"
235,"lowest-common-ancestor-of-a-binary-tree","Lowest Common Ancestor of a Binary Tree",235,"lowest-common-ancestor-of-a-binary-search-tree","Lowest Common Ancestor of a Binary Search Tree",238,"product-except-self","Product of Array Except Self"
236,"product-except-self","Product of Array Except Self",236,"lowest-common-ancestor-of-a-binary-tree","Lowest Common Ancestor of a Binary Tree",242,"valid-anagram","Valid Anagram"
238,"valid-anagram","Valid Anagram",238,"product-except-self","Product of Array Except Self",268,"missing-number","Missing Number"
242,"missing-number","Missing Number",242,"valid-anagram","Valid Anagram",290,"word-pattern","Word Pattern"
268,"word-pattern","Word Pattern",268,"missing-number","Missing Number",295,"find-median-from-data-stream","Find Median from Data Stream"
290,"find-median-from-data-stream","Find Median from Data Stream",290,"word-pattern","Word Pattern",300,"longest-increasing-subsequence","Longest Increasing Subsequence"
295,"longest-increasing-subsequence","Longest Increasing Subsequence",295,"find-median-from-data-stream","Find Median from Data Stream",322,"coin-change","Coin Change"
300,"coin-change","Coin Change",300,"longest-increasing-subsequence","Longest Increasing Subsequence",347,"top-k-frequent-elements","Top K Frequent Elements"
322,"top-k-frequent-elements","Top K Frequent Elements",322,"coin-change","Coin Change",349,"intersection-of-two-arrays","Intersection of Two Arrays"
347,"intersection-of-two-arrays","Intersection of Two Arrays",347,"top-k-frequent-elements","Top K Frequent Elements",373,"find-k-pairs-with-smallest-sum","Find K Pairs with Smallest Sums"
349,"find-k-pairs-with-smallest-sum","Find K Pairs with Smallest Sums",349,"intersection-of-two-arrays","Intersection of Two Arrays",383,"ransom-note","Ransom Note"
373,"ransom-note","Ransom Note",373,"find-k-pairs-with-smallest-sum","Find K Pairs with Smallest Sums",399,"evaluate-division","Evaluate Division"
383,"evaluate-division","Evaluate Division",383,"ransom-note","Ransom Note",427,"construct-quad-tree","Construct Quad Tree"
399,"construct-quad-tree","Construct Quad Tree",399,"evaluate-division","Evaluate Division",433,"minimum-genetic-mutation","Minimum Genetic Mutation"
427,"minimum-genetic-mutation","Minimum Genetic Mutation",427,"construct-quad-tree","Construct Quad Tree",452,"burst-balloons","Minimum Number of Arrows to Burst Balloons"
433,"burst-balloons","Minimum Number of Arrows to Burst Balloons",433,"minimum-genetic-mutation","Minimum Genetic Mutation",502,"ipo","IPO"
452,"ipo","IPO",452,"burst-balloons","Minimum Number of Arrows to Burst Balloons",525,"contiguous-array","Contiguous Array"
502,"contiguous-array","Contiguous Array",502,"ipo","IPO",530,"minimum-absolute-difference-in-bst","Minimum Absolute Difference in BST"
525,"minimum-absolute-difference-in-bst","Minimum Absolute Difference in BST",525,"contiguous-array","Contiguous Array",560,"subarray-sum-equals-k","Subarray Sum Equals K"
530,"subarray-sum-equals-k","Subarray Sum Equals K",530,"minimum-absolute-difference-in-bst","Minimum Absolute Difference in BST",637,"average-of-levels-in-binary-tree","Average of Levels in Binary Tree"
560,"average-of-levels-in-binary-tree","Average of Levels in Binary Tree",560,"subarray-sum-equals-k","Subarray Sum Equals K",909,"snakes-and-ladders","Snakes and Ladders"
637,"snakes-and-ladders","Snakes and Ladders",637,"average-of-levels-in-binary-tree","Average of Levels in Binary Tree",918,"maximum-sum-circular-subarray","Maximum Sum Circular Subarray"
909,"maximum-sum-circular-subarray","Maximum Sum Circular Subarray",909,"snakes-and-ladders","Snakes and Ladders",,"",""
